id,cliente_id,monto,tipo,monto_usd
2,1,200000,consignacion,47.61904761904762
4,3,300000,consignacion,71.42857142857143
