id,cliente_id,monto,tipo,monto_usd,es_alto
1,1,500000,retiro,119.04761904761905,False
3,2,1500000,retiro,357.14285714285717,True
5,5,800000,retiro,190.47619047619048,True
